{"cameraMode":{"drawMode":0,"name":"Shaded","section":"Shading Mode"},"sceneLighting":false,"audioPlay":false,"sceneViewState":{"m_AlwaysRefresh":false,"showFog":true,"showSkybox":true,"showFlares":true,"showImageEffects":true,"showParticleSystems":true,"showVisualEffectGraphs":true,"m_FxEnabled":true},"in2DMode":false,"pivot":{"x":17.508878707885743,"y":9.229500770568848,"z":18.814617156982423},"rotation":{"x":-0.016480160877108575,"y":0.9826362729072571,"z":-0.1089322566986084,"w":-0.14909972250461579},"size":0.009707503952085972,"orthographic":false}