{"cameraMode":{"drawMode":0,"name":"Shaded","section":"Shading Mode"},"sceneLighting":false,"audioPlay":false,"sceneViewState":{"m_AlwaysRefresh":false,"showFog":true,"showSkybox":true,"showFlares":true,"showImageEffects":true,"showParticleSystems":true,"showVisualEffectGraphs":true,"m_FxEnabled":true},"in2DMode":false,"pivot":{"x":-0.8885347843170166,"y":1.9065370559692383,"z":3.4228854179382326},"rotation":{"x":-0.11730699986219406,"y":0.12329873442649842,"z":-0.014710499905049801,"w":-0.9853271842002869},"size":2.5600550174713136,"orthographic":false}