{"cameraMode":{"drawMode":0,"name":"Shaded","section":"Shading Mode"},"sceneLighting":false,"audioPlay":false,"sceneViewState":{"m_AlwaysRefresh":false,"showFog":true,"showSkybox":true,"showFlares":true,"showImageEffects":true,"showParticleSystems":true,"showVisualEffectGraphs":true,"m_FxEnabled":true},"in2DMode":false,"pivot":{"x":13.327383041381836,"y":-113.19789123535156,"z":575.1231689453125},"rotation":{"x":-0.09674917161464691,"y":-0.002345341956242919,"z":0.00009154772851616144,"w":-0.9953113198280335},"size":300.95037841796877,"orthographic":false}