{"cameraMode":{"drawMode":0,"name":"Shaded","section":"Shading Mode"},"sceneLighting":false,"audioPlay":false,"sceneViewState":{"m_AlwaysRefresh":false,"showFog":true,"showSkybox":true,"showFlares":true,"showImageEffects":true,"showParticleSystems":true,"showVisualEffectGraphs":true,"m_FxEnabled":true},"in2DMode":false,"pivot":{"x":5.074179649353027,"y":19.17426300048828,"z":-10.705090522766114},"rotation":{"x":0.028238968923687936,"y":0.9543583989143372,"z":-0.09473514556884766,"w":0.2824086546897888},"size":17.030853271484376,"orthographic":false}