{"cameraMode":{"drawMode":0,"name":"Shaded","section":"Shading Mode"},"sceneLighting":false,"audioPlay":false,"sceneViewState":{"m_AlwaysRefresh":false,"showFog":true,"showSkybox":true,"showFlares":true,"showImageEffects":true,"showParticleSystems":true,"showVisualEffectGraphs":true,"m_FxEnabled":true},"in2DMode":false,"pivot":{"x":-0.419373482465744,"y":10.189842224121094,"z":2.799177646636963},"rotation":{"x":0.05360328033566475,"y":0.9455021619796753,"z":-0.20386920869350434,"w":0.2480044662952423},"size":0.009707503952085972,"orthographic":false}