{"cameraMode":{"drawMode":0,"name":"Shaded","section":"Shading Mode"},"sceneLighting":false,"audioPlay":false,"sceneViewState":{"m_AlwaysRefresh":false,"showFog":true,"showSkybox":true,"showFlares":true,"showImageEffects":true,"showParticleSystems":true,"showVisualEffectGraphs":true,"m_FxEnabled":true},"in2DMode":false,"pivot":{"x":0.30313238501548769,"y":13.886401176452637,"z":-20.049224853515626},"rotation":{"x":0.01283193752169609,"y":-0.9856424331665039,"z":0.08897322416305542,"w":0.14412257075309754},"size":24.78725814819336,"orthographic":false}